pokemon_id,name,is_legendary,rarity,type_primary,type_secondary,types,height_dm,weight_hg,base_experience,stat_hp,stat_attack,stat_defense,stat_sp_attack,stat_sp_defense,stat_speed,abilities,hidden_ability,sprite_url
1,bulbasaur,False,common,grass,poison,"grass,poison",7,69,64,45,49,49,65,65,45,overgrow,chlorophyll,https://raw.githubusercontent.com/PokeAPI/sprites/master/sprites/pokemon/other/official-artwork/1.png
2,ivysaur,False,common,grass,poison,"grass,poison",10,130,142,60,62,63,80,80,60,overgrow,chlorophyll,https://raw.githubusercontent.com/PokeAPI/sprites/master/sprites/pokemon/other/official-artwork/2.png
3,venusaur,False,common,grass,poison,"grass,poison",20,1000,236,80,82,83,100,100,80,overgrow,chlorophyll,https://raw.githubusercontent.com/PokeAPI/sprites/master/sprites/pokemon/other/official-artwork/3.png
4,charmander,False,uncommon,fire,,fire,6,85,62,39,52,43,60,50,65,blaze,solar-power,https://raw.githubusercontent.com/PokeAPI/sprites/master/sprites/pokemon/other/official-artwork/4.png
5,charmeleon,False,uncommon,fire,,fire,11,190,142,58,64,58,80,65,80,blaze,solar-power,https://raw.githubusercontent.com/PokeAPI/sprites/master/sprites/pokemon/other/official-artwork/5.png
6,charizard,False,uncommon,fire,flying,"fire,flying",17,905,240,78,84,78,109,85,100,blaze,solar-power,https://raw.githubusercontent.com/PokeAPI/sprites/master/sprites/pokemon/other/official-artwork/6.png
7,squirtle,False,common,water,,water,5,90,63,44,48,65,50,64,43,torrent,rain-dish,https://raw.githubusercontent.com/PokeAPI/sprites/master/sprites/pokemon/other/official-artwork/7.png
8,wartortle,False,common,water,,water,10,225,142,59,63,80,65,80,58,torrent,rain-dish,https://raw.githubusercontent.com/PokeAPI/sprites/master/sprites/pokemon/other/official-artwork/8.png
9,blastoise,False,common,water,,water,16,855,239,79,83,100,85,105,78,torrent,rain-dish,https://raw.githubusercontent.com/PokeAPI/sprites/master/sprites/pokemon/other/official-artwork/9.png
10,caterpie,False,common,bug,,bug,3,29,39,45,30,35,20,20,45,shield-dust,run-away,https://raw.githubusercontent.com/PokeAPI/sprites/master/sprites/pokemon/other/official-artwork/10.png
11,metapod,False,common,bug,,bug,7,99,72,50,20,55,25,25,30,shed-skin,,https://raw.githubusercontent.com/PokeAPI/sprites/master/sprites/pokemon/other/official-artwork/11.png
12,butterfree,False,common,bug,flying,"bug,flying",11,320,178,60,45,50,90,80,70,compound-eyes,tinted-lens,https://raw.githubusercontent.com/PokeAPI/sprites/master/sprites/pokemon/other/official-artwork/12.png
13,weedle,False,common,bug,poison,"bug,poison",3,32,39,40,35,30,20,20,50,shield-dust,run-away,https://raw.githubusercontent.com/PokeAPI/sprites/master/sprites/pokemon/other/official-artwork/13.png
14,kakuna,False,common,bug,poison,"bug,poison",6,100,72,45,25,50,25,25,35,shed-skin,,https://raw.githubusercontent.com/PokeAPI/sprites/master/sprites/pokemon/other/official-artwork/14.png
15,beedrill,False,common,bug,poison,"bug,poison",10,295,178,65,90,40,45,80,75,swarm,sniper,https://raw.githubusercontent.com/PokeAPI/sprites/master/sprites/pokemon/other/official-artwork/15.png
16,pidgey,False,common,normal,flying,"normal,flying",3,18,50,40,45,40,35,35,56,"keen-eye,tangled-feet",big-pecks,https://raw.githubusercontent.com/PokeAPI/sprites/master/sprites/pokemon/other/official-artwork/16.png
17,pidgeotto,False,common,normal,flying,"normal,flying",11,300,122,63,60,55,50,50,71,"keen-eye,tangled-feet",big-pecks,https://raw.githubusercontent.com/PokeAPI/sprites/master/sprites/pokemon/other/official-artwork/17.png
18,pidgeot,False,common,normal,flying,"normal,flying",15,395,216,83,80,75,70,70,101,"keen-eye,tangled-feet",big-pecks,https://raw.githubusercontent.com/PokeAPI/sprites/master/sprites/pokemon/other/official-artwork/18.png
19,rattata,False,common,normal,,normal,3,35,51,30,56,35,25,35,72,"run-away,guts",hustle,https://raw.githubusercontent.com/PokeAPI/sprites/master/sprites/pokemon/other/official-artwork/19.png
20,raticate,False,common,normal,,normal,7,185,145,55,81,60,50,70,97,"run-away,guts",hustle,https://raw.githubusercontent.com/PokeAPI/sprites/master/sprites/pokemon/other/official-artwork/20.png
21,spearow,False,common,normal,flying,"normal,flying",3,20,52,40,60,30,31,31,70,keen-eye,sniper,https://raw.githubusercontent.com/PokeAPI/sprites/master/sprites/pokemon/other/official-artwork/21.png
22,fearow,False,common,normal,flying,"normal,flying",12,380,155,65,90,65,61,61,100,keen-eye,sniper,https://raw.githubusercontent.com/PokeAPI/sprites/master/sprites/pokemon/other/official-artwork/22.png
23,ekans,False,common,poison,,poison,20,69,58,35,60,44,40,54,55,"intimidate,shed-skin",unnerve,https://raw.githubusercontent.com/PokeAPI/sprites/master/sprites/pokemon/other/official-artwork/23.png
24,arbok,False,common,poison,,poison,35,650,157,60,95,69,65,79,80,"intimidate,shed-skin",unnerve,https://raw.githubusercontent.com/PokeAPI/sprites/master/sprites/pokemon/other/official-artwork/24.png
25,pikachu,False,uncommon,electric,,electric,4,60,112,35,55,40,50,50,90,static,lightning-rod,https://raw.githubusercontent.com/PokeAPI/sprites/master/sprites/pokemon/other/official-artwork/25.png
26,raichu,False,uncommon,electric,,electric,8,300,218,60,90,55,90,80,110,static,lightning-rod,https://raw.githubusercontent.com/PokeAPI/sprites/master/sprites/pokemon/other/official-artwork/26.png
27,sandshrew,False,uncommon,ground,,ground,6,120,60,50,75,85,20,30,40,sand-veil,sand-rush,https://raw.githubusercontent.com/PokeAPI/sprites/master/sprites/pokemon/other/official-artwork/27.png
28,sandslash,False,uncommon,ground,,ground,10,295,158,75,100,110,45,55,65,sand-veil,sand-rush,https://raw.githubusercontent.com/PokeAPI/sprites/master/sprites/pokemon/other/official-artwork/28.png
29,nidoran-f,False,common,poison,,poison,4,70,55,55,47,52,40,40,41,"poison-point,rivalry",hustle,https://raw.githubusercontent.com/PokeAPI/sprites/master/sprites/pokemon/other/official-artwork/29.png
30,nidorina,False,common,poison,,poison,8,200,128,70,62,67,55,55,56,"poison-point,rivalry",hustle,https://raw.githubusercontent.com/PokeAPI/sprites/master/sprites/pokemon/other/official-artwork/30.png
31,nidoqueen,False,common,poison,ground,"poison,ground",13,600,227,90,92,87,75,85,76,"poison-point,rivalry",sheer-force,https://raw.githubusercontent.com/PokeAPI/sprites/master/sprites/pokemon/other/official-artwork/31.png
32,nidoran-m,False,common,poison,,poison,5,90,55,46,57,40,40,40,50,"poison-point,rivalry",hustle,https://raw.githubusercontent.com/PokeAPI/sprites/master/sprites/pokemon/other/official-artwork/32.png
33,nidorino,False,common,poison,,poison,9,195,128,61,72,57,55,55,65,"poison-point,rivalry",hustle,https://raw.githubusercontent.com/PokeAPI/sprites/master/sprites/pokemon/other/official-artwork/33.png
34,nidoking,False,common,poison,ground,"poison,ground",14,620,227,81,102,77,85,75,85,"poison-point,rivalry",sheer-force,https://raw.githubusercontent.com/PokeAPI/sprites/master/sprites/pokemon/other/official-artwork/34.png
35,clefairy,False,common,fairy,,fairy,6,75,113,70,45,48,60,65,35,"cute-charm,magic-guard",friend-guard,https://raw.githubusercontent.com/PokeAPI/sprites/master/sprites/pokemon/other/official-artwork/35.png
36,clefable,False,common,fairy,,fairy,13,400,217,95,70,73,95,90,60,"cute-charm,magic-guard",unaware,https://raw.githubusercontent.com/PokeAPI/sprites/master/sprites/pokemon/other/official-artwork/36.png
37,vulpix,False,uncommon,fire,,fire,6,99,60,38,41,40,50,65,65,flash-fire,drought,https://raw.githubusercontent.com/PokeAPI/sprites/master/sprites/pokemon/other/official-artwork/37.png
38,ninetales,False,uncommon,fire,,fire,11,199,177,73,76,75,81,100,100,flash-fire,drought,https://raw.githubusercontent.com/PokeAPI/sprites/master/sprites/pokemon/other/official-artwork/38.png
39,jigglypuff,False,common,normal,fairy,"normal,fairy",5,55,95,115,45,20,45,25,20,"cute-charm,competitive",friend-guard,https://raw.githubusercontent.com/PokeAPI/sprites/master/sprites/pokemon/other/official-artwork/39.png
40,wigglytuff,False,common,normal,fairy,"normal,fairy",10,120,196,140,70,45,85,50,45,"cute-charm,competitive",frisk,https://raw.githubusercontent.com/PokeAPI/sprites/master/sprites/pokemon/other/official-artwork/40.png
41,zubat,False,common,poison,flying,"poison,flying",8,75,49,40,45,35,30,40,55,inner-focus,infiltrator,https://raw.githubusercontent.com/PokeAPI/sprites/master/sprites/pokemon/other/official-artwork/41.png
42,golbat,False,common,poison,flying,"poison,flying",16,550,159,75,80,70,65,75,90,inner-focus,infiltrator,https://raw.githubusercontent.com/PokeAPI/sprites/master/sprites/pokemon/other/official-artwork/42.png
43,oddish,False,common,grass,poison,"grass,poison",5,54,64,45,50,55,75,65,30,chlorophyll,run-away,https://raw.githubusercontent.com/PokeAPI/sprites/master/sprites/pokemon/other/official-artwork/43.png
44,gloom,False,common,grass,poison,"grass,poison",8,86,138,60,65,70,85,75,40,chlorophyll,stench,https://raw.githubusercontent.com/PokeAPI/sprites/master/sprites/pokemon/other/official-artwork/44.png
45,vileplume,False,common,grass,poison,"grass,poison",12,186,221,75,80,85,110,90,50,chlorophyll,effect-spore,https://raw.githubusercontent.com/PokeAPI/sprites/master/sprites/pokemon/other/official-artwork/45.png
46,paras,False,common,bug,grass,"bug,grass",3,54,57,35,70,55,45,55,25,"effect-spore,dry-skin",damp,https://raw.githubusercontent.com/PokeAPI/sprites/master/sprites/pokemon/other/official-artwork/46.png
47,parasect,False,common,bug,grass,"bug,grass",10,295,142,60,95,80,60,80,30,"effect-spore,dry-skin",damp,https://raw.githubusercontent.com/PokeAPI/sprites/master/sprites/pokemon/other/official-artwork/47.png
48,venonat,False,common,bug,poison,"bug,poison",10,300,61,60,55,50,40,55,45,"compound-eyes,tinted-lens",run-away,https://raw.githubusercontent.com/PokeAPI/sprites/master/sprites/pokemon/other/official-artwork/48.png
49,venomoth,False,common,bug,poison,"bug,poison",15,125,158,70,65,60,90,75,90,"shield-dust,tinted-lens",wonder-skin,https://raw.githubusercontent.com/PokeAPI/sprites/master/sprites/pokemon/other/official-artwork/49.png
50,diglett,False,uncommon,ground,,ground,2,8,53,10,55,25,35,45,95,"sand-veil,arena-trap",sand-force,https://raw.githubusercontent.com/PokeAPI/sprites/master/sprites/pokemon/other/official-artwork/50.png
51,dugtrio,False,uncommon,ground,,ground,7,333,149,35,100,50,50,70,120,"sand-veil,arena-trap",sand-force,https://raw.githubusercontent.com/PokeAPI/sprites/master/sprites/pokemon/other/official-artwork/51.png
52,meowth,False,common,normal,,normal,4,42,58,40,45,35,40,40,90,"pickup,technician",unnerve,https://raw.githubusercontent.com/PokeAPI/sprites/master/sprites/pokemon/other/official-artwork/52.png
53,persian,False,common,normal,,normal,10,320,154,65,70,60,65,65,115,"limber,technician",unnerve,https://raw.githubusercontent.com/PokeAPI/sprites/master/sprites/pokemon/other/official-artwork/53.png
54,psyduck,False,common,water,,water,8,196,64,50,52,48,65,50,55,"damp,cloud-nine",swift-swim,https://raw.githubusercontent.com/PokeAPI/sprites/master/sprites/pokemon/other/official-artwork/54.png
55,golduck,False,common,water,,water,17,766,175,80,82,78,95,80,85,"damp,cloud-nine",swift-swim,https://raw.githubusercontent.com/PokeAPI/sprites/master/sprites/pokemon/other/official-artwork/55.png
56,mankey,False,uncommon,fighting,,fighting,5,280,61,40,80,35,35,45,70,"vital-spirit,anger-point",defiant,https://raw.githubusercontent.com/PokeAPI/sprites/master/sprites/pokemon/other/official-artwork/56.png
57,primeape,False,uncommon,fighting,,fighting,10,320,159,65,105,60,60,70,95,"vital-spirit,anger-point",defiant,https://raw.githubusercontent.com/PokeAPI/sprites/master/sprites/pokemon/other/official-artwork/57.png
58,growlithe,False,uncommon,fire,,fire,7,190,70,55,70,45,70,50,60,"intimidate,flash-fire",justified,https://raw.githubusercontent.com/PokeAPI/sprites/master/sprites/pokemon/other/official-artwork/58.png
59,arcanine,False,uncommon,fire,,fire,19,1550,194,90,110,80,100,80,95,"intimidate,flash-fire",justified,https://raw.githubusercontent.com/PokeAPI/sprites/master/sprites/pokemon/other/official-artwork/59.png
60,poliwag,False,common,water,,water,6,124,60,40,50,40,40,40,90,"water-absorb,damp",swift-swim,https://raw.githubusercontent.com/PokeAPI/sprites/master/sprites/pokemon/other/official-artwork/60.png
61,poliwhirl,False,common,water,,water,10,200,135,65,65,65,50,50,90,"water-absorb,damp",swift-swim,https://raw.githubusercontent.com/PokeAPI/sprites/master/sprites/pokemon/other/official-artwork/61.png
62,poliwrath,False,common,water,fighting,"water,fighting",13,540,230,90,95,95,70,90,70,"water-absorb,damp",swift-swim,https://raw.githubusercontent.com/PokeAPI/sprites/master/sprites/pokemon/other/official-artwork/62.png
63,abra,False,rare,psychic,,psychic,9,195,62,25,20,15,105,55,90,"synchronize,inner-focus",magic-guard,https://raw.githubusercontent.com/PokeAPI/sprites/master/sprites/pokemon/other/official-artwork/63.png
64,kadabra,False,rare,psychic,,psychic,13,565,140,40,35,30,120,70,105,"synchronize,inner-focus",magic-guard,https://raw.githubusercontent.com/PokeAPI/sprites/master/sprites/pokemon/other/official-artwork/64.png
65,alakazam,False,rare,psychic,,psychic,15,480,225,55,50,45,135,95,120,"synchronize,inner-focus",magic-guard,https://raw.githubusercontent.com/PokeAPI/sprites/master/sprites/pokemon/other/official-artwork/65.png
66,machop,False,uncommon,fighting,,fighting,8,195,61,70,80,50,35,35,35,"guts,no-guard",steadfast,https://raw.githubusercontent.com/PokeAPI/sprites/master/sprites/pokemon/other/official-artwork/66.png
67,machoke,False,uncommon,fighting,,fighting,15,705,142,80,100,70,50,60,45,"guts,no-guard",steadfast,https://raw.githubusercontent.com/PokeAPI/sprites/master/sprites/pokemon/other/official-artwork/67.png
68,machamp,False,uncommon,fighting,,fighting,16,1300,227,90,130,80,65,85,55,"guts,no-guard",steadfast,https://raw.githubusercontent.com/PokeAPI/sprites/master/sprites/pokemon/other/official-artwork/68.png
69,bellsprout,False,common,grass,poison,"grass,poison",7,40,60,50,75,35,70,30,40,chlorophyll,gluttony,https://raw.githubusercontent.com/PokeAPI/sprites/master/sprites/pokemon/other/official-artwork/69.png
70,weepinbell,False,common,grass,poison,"grass,poison",10,64,137,65,90,50,85,45,55,chlorophyll,gluttony,https://raw.githubusercontent.com/PokeAPI/sprites/master/sprites/pokemon/other/official-artwork/70.png
71,victreebel,False,common,grass,poison,"grass,poison",17,155,221,80,105,65,100,70,70,chlorophyll,gluttony,https://raw.githubusercontent.com/PokeAPI/sprites/master/sprites/pokemon/other/official-artwork/71.png
72,tentacool,False,common,water,poison,"water,poison",9,455,67,40,40,35,50,100,70,"clear-body,liquid-ooze",rain-dish,https://raw.githubusercontent.com/PokeAPI/sprites/master/sprites/pokemon/other/official-artwork/72.png
73,tentacruel,False,common,water,poison,"water,poison",16,550,180,80,70,65,80,120,100,"clear-body,liquid-ooze",rain-dish,https://raw.githubusercontent.com/PokeAPI/sprites/master/sprites/pokemon/other/official-artwork/73.png
74,geodude,False,uncommon,rock,ground,"rock,ground",4,200,60,40,80,100,30,30,20,"rock-head,sturdy",sand-veil,https://raw.githubusercontent.com/PokeAPI/sprites/master/sprites/pokemon/other/official-artwork/74.png
75,graveler,False,uncommon,rock,ground,"rock,ground",10,1050,137,55,95,115,45,45,35,"rock-head,sturdy",sand-veil,https://raw.githubusercontent.com/PokeAPI/sprites/master/sprites/pokemon/other/official-artwork/75.png
76,golem,False,uncommon,rock,ground,"rock,ground",14,3000,223,80,120,130,55,65,45,"rock-head,sturdy",sand-veil,https://raw.githubusercontent.com/PokeAPI/sprites/master/sprites/pokemon/other/official-artwork/76.png
77,ponyta,False,uncommon,fire,,fire,10,300,82,50,85,55,65,65,90,"run-away,flash-fire",flame-body,https://raw.githubusercontent.com/PokeAPI/sprites/master/sprites/pokemon/other/official-artwork/77.png
78,rapidash,False,uncommon,fire,,fire,17,950,175,65,100,70,80,80,105,"run-away,flash-fire",flame-body,https://raw.githubusercontent.com/PokeAPI/sprites/master/sprites/pokemon/other/official-artwork/78.png
79,slowpoke,False,common,water,psychic,"water,psychic",12,360,63,90,65,65,40,40,15,"oblivious,own-tempo",regenerator,https://raw.githubusercontent.com/PokeAPI/sprites/master/sprites/pokemon/other/official-artwork/79.png
80,slowbro,False,common,water,psychic,"water,psychic",16,785,172,95,75,110,100,80,30,"oblivious,own-tempo",regenerator,https://raw.githubusercontent.com/PokeAPI/sprites/master/sprites/pokemon/other/official-artwork/80.png
81,magnemite,False,uncommon,electric,steel,"electric,steel",3,60,65,25,35,70,95,55,45,"magnet-pull,sturdy",analytic,https://raw.githubusercontent.com/PokeAPI/sprites/master/sprites/pokemon/other/official-artwork/81.png
82,magneton,False,uncommon,electric,steel,"electric,steel",10,600,163,50,60,95,120,70,70,"magnet-pull,sturdy",analytic,https://raw.githubusercontent.com/PokeAPI/sprites/master/sprites/pokemon/other/official-artwork/82.png
83,farfetchd,False,common,normal,flying,"normal,flying",8,150,132,52,90,55,58,62,60,"keen-eye,inner-focus",defiant,https://raw.githubusercontent.com/PokeAPI/sprites/master/sprites/pokemon/other/official-artwork/83.png
84,doduo,False,common,normal,flying,"normal,flying",14,392,62,35,85,45,35,35,75,"run-away,early-bird",tangled-feet,https://raw.githubusercontent.com/PokeAPI/sprites/master/sprites/pokemon/other/official-artwork/84.png
85,dodrio,False,common,normal,flying,"normal,flying",18,852,165,60,110,70,60,60,110,"run-away,early-bird",tangled-feet,https://raw.githubusercontent.com/PokeAPI/sprites/master/sprites/pokemon/other/official-artwork/85.png
86,seel,False,common,water,,water,11,900,65,65,45,55,45,70,45,"thick-fat,hydration",ice-body,https://raw.githubusercontent.com/PokeAPI/sprites/master/sprites/pokemon/other/official-artwork/86.png
87,dewgong,False,common,water,ice,"water,ice",17,1200,166,90,70,80,70,95,70,"thick-fat,hydration",ice-body,https://raw.githubusercontent.com/PokeAPI/sprites/master/sprites/pokemon/other/official-artwork/87.png
88,grimer,False,common,poison,,poison,9,300,65,80,80,50,40,50,25,"stench,sticky-hold",poison-touch,https://raw.githubusercontent.com/PokeAPI/sprites/master/sprites/pokemon/other/official-artwork/88.png
89,muk,False,common,poison,,poison,12,300,175,105,105,75,65,100,50,"stench,sticky-hold",poison-touch,https://raw.githubusercontent.com/PokeAPI/sprites/master/sprites/pokemon/other/official-artwork/89.png
90,shellder,False,common,water,,water,3,40,61,30,65,100,45,25,40,"shell-armor,skill-link",overcoat,https://raw.githubusercontent.com/PokeAPI/sprites/master/sprites/pokemon/other/official-artwork/90.png
91,cloyster,False,common,water,ice,"water,ice",15,1325,184,50,95,180,85,45,70,"shell-armor,skill-link",overcoat,https://raw.githubusercontent.com/PokeAPI/sprites/master/sprites/pokemon/other/official-artwork/91.png
92,gastly,False,rare,ghost,poison,"ghost,poison",13,1,62,30,35,30,100,35,80,levitate,,https://raw.githubusercontent.com/PokeAPI/sprites/master/sprites/pokemon/other/official-artwork/92.png
93,haunter,False,rare,ghost,poison,"ghost,poison",16,1,142,45,50,45,115,55,95,levitate,,https://raw.githubusercontent.com/PokeAPI/sprites/master/sprites/pokemon/other/official-artwork/93.png
94,gengar,False,rare,ghost,poison,"ghost,poison",15,405,225,60,65,60,130,75,110,cursed-body,,https://raw.githubusercontent.com/PokeAPI/sprites/master/sprites/pokemon/other/official-artwork/94.png
95,onix,False,uncommon,rock,ground,"rock,ground",88,2100,77,35,45,160,30,45,70,"rock-head,sturdy",weak-armor,https://raw.githubusercontent.com/PokeAPI/sprites/master/sprites/pokemon/other/official-artwork/95.png
96,drowzee,False,rare,psychic,,psychic,10,324,66,60,48,45,43,90,42,"insomnia,forewarn",inner-focus,https://raw.githubusercontent.com/PokeAPI/sprites/master/sprites/pokemon/other/official-artwork/96.png
97,hypno,False,rare,psychic,,psychic,16,756,169,85,73,70,73,115,67,"insomnia,forewarn",inner-focus,https://raw.githubusercontent.com/PokeAPI/sprites/master/sprites/pokemon/other/official-artwork/97.png
98,krabby,False,common,water,,water,4,65,65,30,105,90,25,25,50,"hyper-cutter,shell-armor",sheer-force,https://raw.githubusercontent.com/PokeAPI/sprites/master/sprites/pokemon/other/official-artwork/98.png
99,kingler,False,common,water,,water,13,600,166,55,130,115,50,50,75,"hyper-cutter,shell-armor",sheer-force,https://raw.githubusercontent.com/PokeAPI/sprites/master/sprites/pokemon/other/official-artwork/99.png
100,voltorb,False,uncommon,electric,,electric,5,104,66,40,30,50,55,55,100,"soundproof,static",aftermath,https://raw.githubusercontent.com/PokeAPI/sprites/master/sprites/pokemon/other/official-artwork/100.png
101,electrode,False,uncommon,electric,,electric,12,666,172,60,50,70,80,80,150,"soundproof,static",aftermath,https://raw.githubusercontent.com/PokeAPI/sprites/master/sprites/pokemon/other/official-artwork/101.png
102,exeggcute,False,common,grass,psychic,"grass,psychic",4,25,65,60,40,80,60,45,40,chlorophyll,harvest,https://raw.githubusercontent.com/PokeAPI/sprites/master/sprites/pokemon/other/official-artwork/102.png
103,exeggutor,False,common,grass,psychic,"grass,psychic",20,1200,186,95,95,85,125,75,55,chlorophyll,harvest,https://raw.githubusercontent.com/PokeAPI/sprites/master/sprites/pokemon/other/official-artwork/103.png
104,cubone,False,uncommon,ground,,ground,4,65,64,50,50,95,40,50,35,"rock-head,lightning-rod",battle-armor,https://raw.githubusercontent.com/PokeAPI/sprites/master/sprites/pokemon/other/official-artwork/104.png
105,marowak,False,uncommon,ground,,ground,10,450,149,60,80,110,50,80,45,"rock-head,lightning-rod",battle-armor,https://raw.githubusercontent.com/PokeAPI/sprites/master/sprites/pokemon/other/official-artwork/105.png
106,hitmonlee,False,uncommon,fighting,,fighting,15,498,159,50,120,53,35,110,87,"limber,reckless",unburden,https://raw.githubusercontent.com/PokeAPI/sprites/master/sprites/pokemon/other/official-artwork/106.png
107,hitmonchan,False,uncommon,fighting,,fighting,14,502,159,50,105,79,35,110,76,"keen-eye,iron-fist",inner-focus,https://raw.githubusercontent.com/PokeAPI/sprites/master/sprites/pokemon/other/official-artwork/107.png
108,lickitung,False,common,normal,,normal,12,655,77,90,55,75,60,75,30,"own-tempo,oblivious",cloud-nine,https://raw.githubusercontent.com/PokeAPI/sprites/master/sprites/pokemon/other/official-artwork/108.png
109,koffing,False,common,poison,,poison,6,10,68,40,65,95,60,45,35,"levitate,neutralizing-gas",stench,https://raw.githubusercontent.com/PokeAPI/sprites/master/sprites/pokemon/other/official-artwork/109.png
110,weezing,False,common,poison,,poison,12,95,172,65,90,120,85,70,60,"levitate,neutralizing-gas",stench,https://raw.githubusercontent.com/PokeAPI/sprites/master/sprites/pokemon/other/official-artwork/110.png
111,rhyhorn,False,uncommon,ground,rock,"ground,rock",10,1150,69,80,85,95,30,30,25,"lightning-rod,rock-head",reckless,https://raw.githubusercontent.com/PokeAPI/sprites/master/sprites/pokemon/other/official-artwork/111.png
112,rhydon,False,uncommon,ground,rock,"ground,rock",19,1200,170,105,130,120,45,45,40,"lightning-rod,rock-head",reckless,https://raw.githubusercontent.com/PokeAPI/sprites/master/sprites/pokemon/other/official-artwork/112.png
113,chansey,False,common,normal,,normal,11,346,395,250,5,5,35,105,50,"natural-cure,serene-grace",healer,https://raw.githubusercontent.com/PokeAPI/sprites/master/sprites/pokemon/other/official-artwork/113.png
114,tangela,False,common,grass,,grass,10,350,87,65,55,115,100,40,60,"chlorophyll,leaf-guard",regenerator,https://raw.githubusercontent.com/PokeAPI/sprites/master/sprites/pokemon/other/official-artwork/114.png
115,kangaskhan,False,common,normal,,normal,22,800,172,105,95,80,40,80,90,"early-bird,scrappy",inner-focus,https://raw.githubusercontent.com/PokeAPI/sprites/master/sprites/pokemon/other/official-artwork/115.png
116,horsea,False,common,water,,water,4,80,59,30,40,70,70,25,60,"swift-swim,sniper",damp,https://raw.githubusercontent.com/PokeAPI/sprites/master/sprites/pokemon/other/official-artwork/116.png
117,seadra,False,common,water,,water,12,250,154,55,65,95,95,45,85,"poison-point,sniper",damp,https://raw.githubusercontent.com/PokeAPI/sprites/master/sprites/pokemon/other/official-artwork/117.png
118,goldeen,False,common,water,,water,6,150,64,45,67,60,35,50,63,"swift-swim,water-veil",lightning-rod,https://raw.githubusercontent.com/PokeAPI/sprites/master/sprites/pokemon/other/official-artwork/118.png
119,seaking,False,common,water,,water,13,390,158,80,92,65,65,80,68,"swift-swim,water-veil",lightning-rod,https://raw.githubusercontent.com/PokeAPI/sprites/master/sprites/pokemon/other/official-artwork/119.png
120,staryu,False,common,water,,water,8,345,68,30,45,55,70,55,85,"illuminate,natural-cure",analytic,https://raw.githubusercontent.com/PokeAPI/sprites/master/sprites/pokemon/other/official-artwork/120.png
121,starmie,False,common,water,psychic,"water,psychic",11,800,182,60,75,85,100,85,115,"illuminate,natural-cure",analytic,https://raw.githubusercontent.com/PokeAPI/sprites/master/sprites/pokemon/other/official-artwork/121.png
122,mr-mime,False,rare,psychic,fairy,"psychic,fairy",13,545,161,40,45,65,100,120,90,"soundproof,filter",technician,https://raw.githubusercontent.com/PokeAPI/sprites/master/sprites/pokemon/other/official-artwork/122.png
123,scyther,False,common,bug,flying,"bug,flying",15,560,100,70,110,80,55,80,105,"swarm,technician",steadfast,https://raw.githubusercontent.com/PokeAPI/sprites/master/sprites/pokemon/other/official-artwork/123.png
124,jynx,False,rare,ice,psychic,"ice,psychic",14,406,159,65,50,35,115,95,95,"oblivious,forewarn",dry-skin,https://raw.githubusercontent.com/PokeAPI/sprites/master/sprites/pokemon/other/official-artwork/124.png
125,electabuzz,False,uncommon,electric,,electric,11,300,172,65,83,57,95,85,105,static,vital-spirit,https://raw.githubusercontent.com/PokeAPI/sprites/master/sprites/pokemon/other/official-artwork/125.png
126,magmar,False,uncommon,fire,,fire,13,445,173,65,95,57,100,85,93,flame-body,vital-spirit,https://raw.githubusercontent.com/PokeAPI/sprites/master/sprites/pokemon/other/official-artwork/126.png
127,pinsir,False,common,bug,,bug,15,550,175,65,125,100,55,70,85,"hyper-cutter,mold-breaker",moxie,https://raw.githubusercontent.com/PokeAPI/sprites/master/sprites/pokemon/other/official-artwork/127.png
128,tauros,False,common,normal,,normal,14,884,172,75,100,95,40,70,110,"intimidate,anger-point",sheer-force,https://raw.githubusercontent.com/PokeAPI/sprites/master/sprites/pokemon/other/official-artwork/128.png
129,magikarp,False,common,water,,water,9,100,40,20,10,55,15,20,80,swift-swim,rattled,https://raw.githubusercontent.com/PokeAPI/sprites/master/sprites/pokemon/other/official-artwork/129.png
130,gyarados,False,common,water,flying,"water,flying",65,2350,189,95,125,79,60,100,81,intimidate,moxie,https://raw.githubusercontent.com/PokeAPI/sprites/master/sprites/pokemon/other/official-artwork/130.png
131,lapras,False,common,water,ice,"water,ice",25,2200,187,130,85,80,85,95,60,"water-absorb,shell-armor",hydration,https://raw.githubusercontent.com/PokeAPI/sprites/master/sprites/pokemon/other/official-artwork/131.png
132,ditto,False,common,normal,,normal,3,40,101,48,48,48,48,48,48,limber,imposter,https://raw.githubusercontent.com/PokeAPI/sprites/master/sprites/pokemon/other/official-artwork/132.png
133,eevee,False,common,normal,,normal,3,65,65,55,55,50,45,65,55,"run-away,adaptability",anticipation,https://raw.githubusercontent.com/PokeAPI/sprites/master/sprites/pokemon/other/official-artwork/133.png
134,vaporeon,False,common,water,,water,10,290,184,130,65,60,110,95,65,water-absorb,hydration,https://raw.githubusercontent.com/PokeAPI/sprites/master/sprites/pokemon/other/official-artwork/134.png
135,jolteon,False,uncommon,electric,,electric,8,245,184,65,65,60,110,95,130,volt-absorb,quick-feet,https://raw.githubusercontent.com/PokeAPI/sprites/master/sprites/pokemon/other/official-artwork/135.png
136,flareon,False,uncommon,fire,,fire,9,250,184,65,130,60,95,110,65,flash-fire,guts,https://raw.githubusercontent.com/PokeAPI/sprites/master/sprites/pokemon/other/official-artwork/136.png
137,porygon,False,common,normal,,normal,8,365,79,65,60,70,85,75,40,"trace,download",analytic,https://raw.githubusercontent.com/PokeAPI/sprites/master/sprites/pokemon/other/official-artwork/137.png
138,omanyte,False,uncommon,rock,water,"rock,water",4,75,71,35,40,100,90,55,35,"swift-swim,shell-armor",weak-armor,https://raw.githubusercontent.com/PokeAPI/sprites/master/sprites/pokemon/other/official-artwork/138.png
139,omastar,False,uncommon,rock,water,"rock,water",10,350,173,70,60,125,115,70,55,"swift-swim,shell-armor",weak-armor,https://raw.githubusercontent.com/PokeAPI/sprites/master/sprites/pokemon/other/official-artwork/139.png
140,kabuto,False,uncommon,rock,water,"rock,water",5,115,71,30,80,90,55,45,55,"swift-swim,battle-armor",weak-armor,https://raw.githubusercontent.com/PokeAPI/sprites/master/sprites/pokemon/other/official-artwork/140.png
141,kabutops,False,uncommon,rock,water,"rock,water",13,405,173,60,115,105,65,70,80,"swift-swim,battle-armor",weak-armor,https://raw.githubusercontent.com/PokeAPI/sprites/master/sprites/pokemon/other/official-artwork/141.png
142,aerodactyl,False,uncommon,rock,flying,"rock,flying",18,590,180,80,105,65,60,75,130,"rock-head,pressure",unnerve,https://raw.githubusercontent.com/PokeAPI/sprites/master/sprites/pokemon/other/official-artwork/142.png
143,snorlax,False,common,normal,,normal,21,4600,189,160,110,65,65,110,30,"immunity,thick-fat",gluttony,https://raw.githubusercontent.com/PokeAPI/sprites/master/sprites/pokemon/other/official-artwork/143.png
144,articuno,True,legendary,ice,flying,"ice,flying",17,554,261,90,85,100,95,125,85,pressure,snow-cloak,https://raw.githubusercontent.com/PokeAPI/sprites/master/sprites/pokemon/other/official-artwork/144.png
145,zapdos,True,legendary,electric,flying,"electric,flying",16,526,261,90,90,85,125,90,100,pressure,static,https://raw.githubusercontent.com/PokeAPI/sprites/master/sprites/pokemon/other/official-artwork/145.png
146,moltres,True,legendary,fire,flying,"fire,flying",20,600,261,90,100,90,125,85,90,pressure,flame-body,https://raw.githubusercontent.com/PokeAPI/sprites/master/sprites/pokemon/other/official-artwork/146.png
147,dratini,False,rare,dragon,,dragon,18,33,60,41,64,45,50,50,50,shed-skin,marvel-scale,https://raw.githubusercontent.com/PokeAPI/sprites/master/sprites/pokemon/other/official-artwork/147.png
148,dragonair,False,rare,dragon,,dragon,40,165,147,61,84,65,70,70,70,shed-skin,marvel-scale,https://raw.githubusercontent.com/PokeAPI/sprites/master/sprites/pokemon/other/official-artwork/148.png
149,dragonite,False,rare,dragon,flying,"dragon,flying",22,2100,270,91,134,95,100,100,80,inner-focus,multiscale,https://raw.githubusercontent.com/PokeAPI/sprites/master/sprites/pokemon/other/official-artwork/149.png
150,mewtwo,True,legendary,psychic,,psychic,20,1220,306,106,110,90,154,90,130,pressure,unnerve,https://raw.githubusercontent.com/PokeAPI/sprites/master/sprites/pokemon/other/official-artwork/150.png
151,mew,True,legendary,psychic,,psychic,4,40,270,100,100,100,100,100,100,synchronize,,https://raw.githubusercontent.com/PokeAPI/sprites/master/sprites/pokemon/other/official-artwork/151.png
